Date,Location,Temperature_C
2020-01-01,Houston,25.4
2020-01-02,Miami,3.2
2020-01-03,Chicago,13.5
2020-01-04,Boston,12.4
2020-01-05,Los Angeles,10.8
2020-01-06,Miami,18.6
2020-01-07,Chicago,20.4
2020-01-08,Miami,20.0
2020-01-09,New York,26.2
2020-01-10,Chicago,15.6
2020-01-11,Miami,14.9
2020-01-12,Chicago,23.3
2020-01-13,New York,9.6
2020-01-14,Seattle,42.2
2020-01-15,Houston,15.2
2020-01-16,Boston,2.0
2020-01-17,Houston,9.8
2020-01-18,Houston,26.2
2020-01-19,Chicago,14.1
2020-01-20,Denver,33.7
2020-01-21,Boston,9.5
2020-01-22,Denver,32.5
2020-01-23,New York,29.8
2020-01-24,Miami,17.7
2020-01-25,Miami,17.2
2020-01-26,Los Angeles,23.0
2020-01-27,New York,18.0
2020-01-28,Seattle,0.5
2020-01-29,Los Angeles,13.6
2020-01-30,Seattle,-1.8
2020-01-31,Los Angeles,25.1
2020-02-01,Chicago,16.6
2020-02-02,Denver,31.6
2020-02-03,Miami,24.1
2020-02-04,Seattle,14.4
2020-02-05,Miami,10.9
2020-02-06,Los Angeles,14.0
2020-02-07,Houston,30.4
2020-02-08,Miami,10.4
2020-02-09,Boston,32.9
2020-02-10,Houston,24.7
2020-02-11,Seattle,33.4
2020-02-12,Seattle,30.8
2020-02-13,Miami,2.0
2020-02-14,Seattle,12.6
2020-02-15,Los Angeles,13.1
2020-02-16,Houston,25.1
2020-02-17,Denver,22.7
2020-02-18,Denver,20.4
2020-02-19,Denver,28.0
2020-02-20,Miami,25.8
2020-02-21,New York,22.7
2020-02-22,Chicago,31.4
2020-02-23,Houston,26.4
2020-02-24,New York,23.8
2020-02-25,Los Angeles,19.2
2020-02-26,Seattle,31.3
2020-02-27,Denver,18.4
2020-02-28,New York,21.7
2020-02-29,Chicago,23.7
2020-03-01,Miami,26.4
2020-03-02,Denver,23.8
2020-03-03,Los Angeles,13.3
2020-03-04,Seattle,14.1
2020-03-05,New York,8.0
2020-03-06,Los Angeles,21.6
2020-03-07,Seattle,8.5
2020-03-08,Chicago,18.0
2020-03-09,Seattle,24.2
2020-03-10,Boston,29.3
2020-03-11,Miami,20.4
2020-03-12,Chicago,11.7
2020-03-13,Seattle,21.8
2020-03-14,Denver,7.6
2020-03-15,Miami,24.6
2020-03-16,Los Angeles,18.3
2020-03-17,Los Angeles,39.8
2020-03-18,Miami,19.9
2020-03-19,Los Angeles,13.7
2020-03-20,Seattle,25.9
2020-03-21,New York,17.2
2020-03-22,Boston,21.7
2020-03-23,Denver,-1.6
2020-03-24,Houston,7.8
2020-03-25,New York,24.9
2020-03-26,Houston,12.2
2020-03-27,Los Angeles,11.5
2020-03-28,New York,27.2
2020-03-29,Denver,18.8
2020-03-30,Chicago,31.1
2020-03-31,Miami,15.6
2020-04-01,Los Angeles,31.7
2020-04-02,Seattle,27.3
2020-04-03,Denver,22.3
2020-04-04,Seattle,18.1
2020-04-05,Boston,39.4
2020-04-06,Denver,23.4
2020-04-07,Seattle,13.6
2020-04-08,Chicago,28.9
2020-04-09,Denver,18.9
2020-04-10,Seattle,30.4
2020-04-11,Houston,21.4
2020-04-12,New York,24.4
2020-04-13,Denver,15.2
2020-04-14,Miami,9.7
2020-04-15,Boston,15.4
2020-04-16,Miami,4.3
2020-04-17,Houston,10.6
2020-04-18,Seattle,16.3
2020-04-19,Los Angeles,4.7
2020-04-20,Boston,-0.8
2020-04-21,Seattle,13.8
2020-04-22,Denver,24.3
2020-04-23,Los Angeles,30.4
2020-04-24,New York,17.6
2020-04-25,Miami,28.1
2020-04-26,Seattle,29.3
2020-04-27,Boston,27.2
2020-04-28,New York,36.0
2020-04-29,Seattle,47.0
2020-04-30,Houston,20.8
2020-05-01,New York,10.8
2020-05-02,Houston,22.9
2020-05-03,Houston,19.8
2020-05-04,Seattle,22.2
2020-05-05,Houston,13.4
2020-05-06,New York,6.1
2020-05-07,Boston,15.8
2020-05-08,Houston,17.5
2020-05-09,Denver,19.2
2020-05-10,New York,18.1
2020-05-11,New York,27.9
2020-05-12,Boston,15.1
2020-05-13,Los Angeles,34.9
2020-05-14,New York,27.2
2020-05-15,Denver,16.0
2020-05-16,Denver,9.6
2020-05-17,Miami,28.0
2020-05-18,Los Angeles,19.2
2020-05-19,Chicago,32.6
2020-05-20,Chicago,14.5
2020-05-21,Seattle,-1.4
2020-05-22,Boston,30.9
2020-05-23,New York,29.3
2020-05-24,Miami,28.5
2020-05-25,New York,30.6
2020-05-26,Los Angeles,32.5
2020-05-27,Miami,16.9
2020-05-28,Boston,9.0
2020-05-29,Chicago,11.3
2020-05-30,Denver,15.5
2020-05-31,Boston,16.4
2020-06-01,Miami,25.2
2020-06-02,Houston,31.1
2020-06-03,New York,34.7
2020-06-04,Denver,24.7
2020-06-05,New York,22.1
2020-06-06,Houston,-2.0
2020-06-07,Denver,26.6
2020-06-08,Chicago,23.7
2020-06-09,Chicago,18.9
2020-06-10,Los Angeles,8.9
2020-06-11,Denver,26.9
2020-06-12,Houston,2.0
2020-06-13,Boston,20.7
2020-06-14,Denver,39.1
2020-06-15,Los Angeles,7.3
2020-06-16,Seattle,10.5
2020-06-17,New York,11.2
2020-06-18,Los Angeles,22.8
2020-06-19,Denver,26.2
2020-06-20,Houston,-2.9
2020-06-21,Denver,15.3
2020-06-22,Boston,24.7
2020-06-23,New York,9.5
2020-06-24,Denver,20.1
2020-06-25,Miami,22.1
2020-06-26,Miami,15.8
2020-06-27,Seattle,14.6
2020-06-28,Seattle,30.6
2020-06-29,Boston,24.9
2020-06-30,Boston,4.2
2020-07-01,Los Angeles,5.0
2020-07-02,Seattle,8.3
2020-07-03,Denver,3.3
2020-07-04,Seattle,7.5
2020-07-05,Boston,34.4
2020-07-06,Houston,19.5
2020-07-07,Houston,9.9
2020-07-08,Los Angeles,18.8
2020-07-09,New York,21.2
2020-07-10,Los Angeles,-8.4
2020-07-11,Denver,24.8
2020-07-12,Boston,27.9
2020-07-13,New York,31.3
2020-07-14,New York,18.5
2020-07-15,Houston,12.2
2020-07-16,Denver,29.0
2020-07-17,Seattle,-0.6
2020-07-18,Miami,11.0
2020-07-19,New York,16.6
2020-07-20,New York,24.0
2020-07-21,Denver,17.1
2020-07-22,Chicago,11.9
2020-07-23,Denver,23.0
2020-07-24,Houston,32.3
2020-07-25,Houston,24.7
2020-07-26,Miami,2.9
2020-07-27,Denver,27.1
2020-07-28,Houston,11.4
2020-07-29,Seattle,26.5
2020-07-30,Miami,32.0
2020-07-31,Denver,32.6
2020-08-01,Boston,21.5
2020-08-02,Chicago,26.5
2020-08-03,Los Angeles,20.5
2020-08-04,Houston,16.0
2020-08-05,Houston,15.1
2020-08-06,Los Angeles,25.8
2020-08-07,Houston,24.1
2020-08-08,Seattle,11.7
2020-08-09,Los Angeles,-13.0
2020-08-10,Houston,24.5
2020-08-11,Denver,15.3
2020-08-12,Boston,19.8
2020-08-13,Miami,25.5
2020-08-14,New York,30.6
2020-08-15,New York,39.7
2020-08-16,Denver,13.8
2020-08-17,Seattle,11.7
2020-08-18,Boston,27.5
2020-08-19,Miami,11.9
2020-08-20,Seattle,14.1
2020-08-21,Miami,7.1
2020-08-22,Seattle,3.2
2020-08-23,Miami,6.4
2020-08-24,Chicago,5.9
2020-08-25,Seattle,7.9
2020-08-26,Chicago,29.8
2020-08-27,Miami,14.2
2020-08-28,Seattle,20.3
2020-08-29,New York,0.7
2020-08-30,Seattle,17.8
2020-08-31,Houston,24.1
2020-09-01,New York,25.4
2020-09-02,Boston,29.8
2020-09-03,Chicago,32.6
2020-09-04,Denver,20.4
2020-09-05,New York,28.7
2020-09-06,Houston,12.5
2020-09-07,Seattle,23.3
2020-09-08,Los Angeles,11.0
2020-09-09,Miami,16.8
2020-09-10,Denver,13.3
2020-09-11,New York,6.1
2020-09-12,Denver,10.2
2020-09-13,Houston,31.1
2020-09-14,Miami,31.9
2020-09-15,Denver,27.1
2020-09-16,Houston,7.9
2020-09-17,Houston,9.4
2020-09-18,Denver,27.0
2020-09-19,Houston,27.9
2020-09-20,Houston,25.4
2020-09-21,New York,35.7
2020-09-22,New York,21.7
2020-09-23,Seattle,25.7
2020-09-24,Los Angeles,18.3
2020-09-25,Chicago,25.1
2020-09-26,Houston,23.9
2020-09-27,Chicago,37.3
2020-09-28,Seattle,27.0
2020-09-29,Denver,3.4
2020-09-30,Seattle,29.0
2020-10-01,Chicago,25.0
2020-10-02,New York,26.5
2020-10-03,Denver,14.3
2020-10-04,Miami,13.1
2020-10-05,Los Angeles,10.9
2020-10-06,New York,45.7
2020-10-07,Denver,25.5
2020-10-08,Seattle,18.2
2020-10-09,Miami,12.8
2020-10-10,Boston,11.9
2020-10-11,Denver,26.5
2020-10-12,New York,19.0
2020-10-13,New York,33.2
2020-10-14,New York,24.9
2020-10-15,Denver,17.1
2020-10-16,Miami,34.1
2020-10-17,Houston,26.1
2020-10-18,Denver,8.4
2020-10-19,Houston,17.2
2020-10-20,Denver,40.3
2020-10-21,Houston,38.1
2020-10-22,Miami,24.8
2020-10-23,Miami,27.7
2020-10-24,New York,13.6
2020-10-25,Miami,31.7
2020-10-26,Houston,19.7
2020-10-27,New York,17.9
2020-10-28,Los Angeles,11.2
2020-10-29,New York,22.4
2020-10-30,Boston,18.1
2020-10-31,Boston,16.2
2020-11-01,Houston,19.6
2020-11-02,Denver,19.6
2020-11-03,Miami,41.6
2020-11-04,Houston,14.1
2020-11-05,Denver,29.0
2020-11-06,Miami,20.0
2020-11-07,Houston,29.6
2020-11-08,Los Angeles,10.7
2020-11-09,Miami,8.0
2020-11-10,Chicago,27.4
2020-11-11,Miami,17.7
2020-11-12,Houston,9.6
2020-11-13,Denver,24.3
2020-11-14,Houston,-5.6
2020-11-15,Los Angeles,1.3
2020-11-16,Seattle,17.7
2020-11-17,Denver,29.6
2020-11-18,Miami,13.6
2020-11-19,Miami,5.1
2020-11-20,New York,33.3
2020-11-21,Miami,14.6
2020-11-22,Chicago,25.8
2020-11-23,Seattle,37.6
2020-11-24,Seattle,29.9
2020-11-25,Chicago,26.0
2020-11-26,Miami,31.6
2020-11-27,Miami,14.4
2020-11-28,Houston,13.3
2020-11-29,Houston,22.0
2020-11-30,Seattle,17.7
2020-12-01,Chicago,13.8
2020-12-02,Boston,12.6
2020-12-03,Miami,18.9
2020-12-04,Denver,27.9
2020-12-05,Houston,15.1
2020-12-06,Boston,11.7
2020-12-07,Miami,44.6
2020-12-08,New York,21.1
2020-12-09,Denver,23.2
2020-12-10,Los Angeles,23.9
2020-12-11,Chicago,-3.6
2020-12-12,Los Angeles,21.6
2020-12-13,New York,24.9
2020-12-14,Miami,23.0
2020-12-15,Los Angeles,12.7
2020-12-16,Denver,28.6
2020-12-17,Denver,16.6
2020-12-18,Miami,31.5
2020-12-19,Denver,26.3
2020-12-20,Miami,28.6
2020-12-21,New York,17.2
2020-12-22,Boston,29.2
2020-12-23,New York,24.8
2020-12-24,Seattle,23.6
2020-12-25,Chicago,36.4
2020-12-26,Houston,32.7
2020-12-27,Miami,26.2
2020-12-28,Chicago,18.5
2020-12-29,Los Angeles,23.3
2020-12-30,Boston,24.8
2020-12-31,New York,15.1
2021-01-01,Denver,12.5
2021-01-02,Los Angeles,3.4
2021-01-03,Chicago,32.2
2021-01-04,Los Angeles,35.4
2021-01-05,Chicago,25.6
2021-01-06,Boston,50.3
2021-01-07,Seattle,18.2
2021-01-08,Seattle,31.1
2021-01-09,New York,22.5
2021-01-10,Seattle,19.9
2021-01-11,Miami,26.8
2021-01-12,Los Angeles,14.6
2021-01-13,Denver,27.8
2021-01-14,Boston,22.2
2021-01-15,Miami,22.0
2021-01-16,Denver,21.0
2021-01-17,Miami,5.8
2021-01-18,Chicago,4.1
2021-01-19,Denver,33.3
2021-01-20,Boston,35.0
2021-01-21,Seattle,13.8
2021-01-22,Miami,21.7
2021-01-23,Boston,20.2
2021-01-24,Los Angeles,10.3
2021-01-25,Los Angeles,21.1
2021-01-26,Denver,13.6
2021-01-27,Miami,35.1
2021-01-28,New York,32.2
2021-01-29,Chicago,12.2
2021-01-30,Denver,27.7
2021-01-31,New York,18.0
2021-02-01,Denver,8.8
2021-02-02,Houston,17.5
2021-02-03,Denver,24.4
2021-02-04,Houston,11.8
2021-02-05,Denver,40.2
2021-02-06,New York,17.7
2021-02-07,New York,16.7
2021-02-08,Los Angeles,15.5
2021-02-09,New York,39.8
2021-02-10,Los Angeles,15.2
2021-02-11,Chicago,16.7
2021-02-12,Chicago,7.2
2021-02-13,New York,7.7
2021-02-14,New York,10.7
2021-02-15,Chicago,10.2
2021-02-16,Boston,27.3
2021-02-17,Denver,7.8
2021-02-18,New York,7.4
2021-02-19,Chicago,20.7
2021-02-20,Houston,17.8
2021-02-21,Boston,20.7
2021-02-22,Miami,26.9
2021-02-23,Los Angeles,34.0
2021-02-24,New York,20.4
2021-02-25,Boston,19.5
2021-02-26,Houston,9.1
2021-02-27,Chicago,13.6
2021-02-28,Chicago,18.7
2021-03-01,Chicago,15.9
2021-03-02,Miami,15.0
2021-03-03,Seattle,18.0
2021-03-04,Houston,23.7
2021-03-05,Chicago,19.4
2021-03-06,Miami,13.8
2021-03-07,Chicago,20.8
2021-03-08,Seattle,2.2
2021-03-09,Los Angeles,21.9
2021-03-10,Los Angeles,23.6
2021-03-11,Denver,34.5
2021-03-12,Miami,9.0
2021-03-13,Chicago,26.9
2021-03-14,Seattle,27.0
2021-03-15,Denver,15.0
2021-03-16,Seattle,18.9
2021-03-17,Seattle,20.5
2021-03-18,Houston,9.0
2021-03-19,New York,10.8
2021-03-20,New York,15.0
2021-03-21,Houston,39.4
2021-03-22,Boston,35.4
2021-03-23,Denver,34.6
2021-03-24,Chicago,22.0
2021-03-25,Denver,9.3
2021-03-26,Miami,23.5
2021-03-27,Seattle,26.7
2021-03-28,Seattle,30.4
2021-03-29,Miami,34.9
2021-03-30,New York,17.2
2021-03-31,Houston,16.6
2021-04-01,Seattle,5.2
2021-04-02,Seattle,35.6
2021-04-03,Denver,35.9
2021-04-04,Miami,23.0
2021-04-05,Houston,19.2
2021-04-06,Chicago,14.8
2021-04-07,Denver,27.7
2021-04-08,Boston,30.9
2021-04-09,Chicago,26.9
2021-04-10,Boston,18.3
2021-04-11,Seattle,20.8
2021-04-12,Los Angeles,18.4
2021-04-13,Los Angeles,17.0
2021-04-14,Chicago,28.9
2021-04-15,New York,21.4
2021-04-16,Houston,39.4
2021-04-17,Boston,24.8
2021-04-18,Miami,11.3
2021-04-19,New York,20.8
2021-04-20,Seattle,28.1
2021-04-21,Seattle,12.4
2021-04-22,New York,17.9
2021-04-23,Seattle,22.5
2021-04-24,Chicago,22.7
2021-04-25,Seattle,21.1
2021-04-26,Boston,33.2
2021-04-27,Boston,19.1
2021-04-28,Los Angeles,13.2
2021-04-29,Miami,4.2
2021-04-30,Boston,19.4
2021-05-01,Seattle,21.7
2021-05-02,Los Angeles,4.1
2021-05-03,New York,12.3
2021-05-04,Los Angeles,20.4
2021-05-05,Seattle,7.9
2021-05-06,Chicago,31.6
2021-05-07,Miami,4.0
2021-05-08,Seattle,18.2
2021-05-09,Boston,8.8
2021-05-10,Los Angeles,33.6
2021-05-11,Boston,15.8
2021-05-12,New York,5.8
2021-05-13,Miami,30.3
2021-05-14,New York,18.9
2021-05-15,Miami,10.3
2021-05-16,Los Angeles,12.4
2021-05-17,Miami,26.5
2021-05-18,New York,14.3
2021-05-19,Los Angeles,23.6
2021-05-20,Boston,17.3
2021-05-21,Houston,5.0
2021-05-22,Denver,35.7
2021-05-23,Houston,20.2
2021-05-24,New York,13.9
2021-05-25,Miami,8.1
2021-05-26,Miami,16.7
2021-05-27,New York,19.0
2021-05-28,Denver,24.3
2021-05-29,Chicago,32.8
2021-05-30,Chicago,12.2
2021-05-31,Boston,22.1
2021-06-01,Chicago,14.5
2021-06-02,Chicago,41.2
2021-06-03,Chicago,17.6
2021-06-04,Denver,17.3
2021-06-05,Denver,13.2
2021-06-06,Los Angeles,28.7
2021-06-07,Chicago,32.8
2021-06-08,Seattle,18.8
2021-06-09,Los Angeles,22.9
2021-06-10,Boston,31.9
2021-06-11,Chicago,37.5
2021-06-12,Boston,20.6
2021-06-13,Boston,15.4
2021-06-14,Los Angeles,31.4
2021-06-15,Boston,15.0
2021-06-16,Seattle,12.2
2021-06-17,Miami,9.1
2021-06-18,Los Angeles,28.2
2021-06-19,Los Angeles,28.1
2021-06-20,Houston,14.2
2021-06-21,New York,31.5
2021-06-22,Seattle,11.8
2021-06-23,Denver,41.1
2021-06-24,Seattle,17.9
2021-06-25,Boston,9.5
2021-06-26,New York,16.8
2021-06-27,Houston,27.3
2021-06-28,Boston,25.3
2021-06-29,Denver,-9.5
2021-06-30,New York,41.1
2021-07-01,Houston,36.0
2021-07-02,New York,9.6
2021-07-03,Denver,29.1
2021-07-04,Seattle,15.5
2021-07-05,Miami,40.0
2021-07-06,Seattle,11.8
2021-07-07,Seattle,18.2
2021-07-08,Chicago,37.7
2021-07-09,New York,20.3
2021-07-10,Miami,15.1
2021-07-11,Seattle,13.5
2021-07-12,Houston,11.5
2021-07-13,Seattle,26.0
2021-07-14,Houston,14.5
2021-07-15,Los Angeles,28.9
2021-07-16,New York,27.2
2021-07-17,Denver,28.2
2021-07-18,Los Angeles,12.1
2021-07-19,Houston,13.2
2021-07-20,Los Angeles,22.4
2021-07-21,Boston,7.9
2021-07-22,Los Angeles,17.5
2021-07-23,Seattle,25.9
2021-07-24,New York,20.7
2021-07-25,Houston,12.2
2021-07-26,New York,19.7
2021-07-27,Miami,15.9
2021-07-28,Los Angeles,13.3
2021-07-29,Houston,14.7
2021-07-30,Seattle,15.7
2021-07-31,Boston,30.7
2021-08-01,New York,21.5
2021-08-02,Miami,30.1
2021-08-03,Miami,18.5
2021-08-04,Los Angeles,32.3
2021-08-05,New York,23.6
2021-08-06,Boston,9.7
2021-08-07,Seattle,34.9
2021-08-08,New York,42.6
2021-08-09,Houston,24.3
2021-08-10,Boston,27.7
2021-08-11,Chicago,24.5
2021-08-12,Denver,19.3
2021-08-13,Miami,16.2
2021-08-14,Miami,24.2
2021-08-15,Seattle,25.0
2021-08-16,Miami,2.5
2021-08-17,Miami,21.6
2021-08-18,Seattle,41.5
2021-08-19,Chicago,10.5
2021-08-20,New York,27.4
2021-08-21,Los Angeles,-1.8
2021-08-22,Boston,12.8
2021-08-23,Los Angeles,38.4
2021-08-24,Chicago,18.9
2021-08-25,Miami,5.5
2021-08-26,Los Angeles,16.0
2021-08-27,Chicago,19.6
2021-08-28,Boston,5.6
2021-08-29,Boston,7.3
2021-08-30,Boston,12.4
2021-08-31,New York,29.3
2021-09-01,Boston,10.4
2021-09-02,Los Angeles,19.3
2021-09-03,Chicago,18.8
2021-09-04,Miami,39.3
2021-09-05,New York,17.8
2021-09-06,Houston,24.1
2021-09-07,New York,18.1
2021-09-08,Los Angeles,17.4
2021-09-09,Seattle,2.0
2021-09-10,Miami,32.0
2021-09-11,New York,25.1
2021-09-12,Chicago,1.6
2021-09-13,Los Angeles,25.6
2021-09-14,Boston,0.4
2021-09-15,Denver,32.9
2021-09-16,Chicago,26.4
2021-09-17,Boston,17.3
2021-09-18,Los Angeles,21.5
2021-09-19,Houston,13.4
2021-09-20,Houston,16.0
2021-09-21,New York,8.9
2021-09-22,Denver,9.4
2021-09-23,Houston,21.7
2021-09-24,Chicago,13.2
2021-09-25,Boston,8.8
2021-09-26,Los Angeles,17.8
2021-09-27,Miami,24.8
2021-09-28,Houston,17.8
2021-09-29,Boston,25.0
2021-09-30,Boston,27.0
2021-10-01,Seattle,25.3
2021-10-02,Chicago,2.5
2021-10-03,Denver,9.2
2021-10-04,New York,19.1
2021-10-05,Miami,32.9
2021-10-06,Denver,12.4
2021-10-07,Chicago,19.1
2021-10-08,New York,6.5
2021-10-09,Denver,20.4
2021-10-10,Boston,5.4
2021-10-11,Seattle,21.5
2021-10-12,Houston,-1.2
2021-10-13,Houston,20.9
2021-10-14,Denver,22.6
2021-10-15,Seattle,8.6
2021-10-16,Boston,4.0
2021-10-17,Boston,2.9
2021-10-18,Boston,31.0
2021-10-19,Chicago,5.5
2021-10-20,Los Angeles,31.9
2021-10-21,Denver,39.5
2021-10-22,Houston,28.2
2021-10-23,New York,40.3
2021-10-24,Houston,19.7
2021-10-25,Los Angeles,5.4
2021-10-26,New York,25.0
2021-10-27,Los Angeles,33.8
2021-10-28,Los Angeles,14.9
2021-10-29,Denver,17.2
2021-10-30,Houston,40.3
2021-10-31,Denver,3.5
2021-11-01,Denver,4.6
2021-11-02,New York,18.1
2021-11-03,Denver,7.6
2021-11-04,Chicago,16.9
2021-11-05,Miami,23.3
2021-11-06,Miami,24.9
2021-11-07,New York,25.6
2021-11-08,New York,27.7
2021-11-09,Boston,14.0
2021-11-10,Chicago,35.6
2021-11-11,Boston,20.7
2021-11-12,Chicago,23.7
2021-11-13,Miami,28.2
2021-11-14,Boston,22.7
2021-11-15,Houston,24.4
2021-11-16,Houston,12.9
2021-11-17,Boston,20.8
2021-11-18,Miami,18.0
2021-11-19,Boston,14.6
2021-11-20,New York,25.9
2021-11-21,Los Angeles,21.2
2021-11-22,Los Angeles,27.5
2021-11-23,Los Angeles,37.5
2021-11-24,Denver,16.3
2021-11-25,Boston,27.6
2021-11-26,Boston,37.7
2021-11-27,Boston,4.4
2021-11-28,Miami,34.0
2021-11-29,Chicago,28.8
2021-11-30,Denver,16.5
2021-12-01,Chicago,31.4
2021-12-02,Denver,13.5
2021-12-03,Seattle,6.0
2021-12-04,Los Angeles,13.2
2021-12-05,Miami,24.2
2021-12-06,Denver,21.7
2021-12-07,Boston,22.3
2021-12-08,Boston,31.0
2021-12-09,Denver,19.1
2021-12-10,Boston,24.2
2021-12-11,Los Angeles,7.1
2021-12-12,Chicago,14.9
2021-12-13,Seattle,27.5
2021-12-14,Chicago,14.8
2021-12-15,Los Angeles,-7.2
2021-12-16,Chicago,25.8
2021-12-17,Chicago,27.1
2021-12-18,Denver,13.6
2021-12-19,Houston,12.6
2021-12-20,Seattle,10.2
2021-12-21,Boston,29.5
2021-12-22,Denver,28.7
2021-12-23,Seattle,30.1
2021-12-24,Houston,13.8
2021-12-25,New York,6.9
2021-12-26,Houston,11.4
2021-12-27,Seattle,3.9
2021-12-28,Houston,18.6
2021-12-29,New York,14.0
2021-12-30,Seattle,-0.5
2021-12-31,Miami,22.5
2022-01-01,New York,26.6
2022-01-02,Seattle,19.4
2022-01-03,Houston,22.3
2022-01-04,Boston,7.9
2022-01-05,New York,21.5
2022-01-06,New York,8.9
2022-01-07,Denver,17.0
2022-01-08,Chicago,9.3
2022-01-09,Houston,7.9
2022-01-10,Seattle,28.0
2022-01-11,Miami,-3.3
2022-01-12,Boston,6.8
2022-01-13,Houston,11.1
2022-01-14,Chicago,30.8
2022-01-15,Miami,15.7
2022-01-16,Miami,8.9
2022-01-17,Chicago,16.8
2022-01-18,Seattle,22.7
2022-01-19,Miami,14.2
2022-01-20,Los Angeles,40.2
2022-01-21,Chicago,20.0
2022-01-22,Miami,24.1
2022-01-23,Miami,21.8
2022-01-24,New York,35.0
2022-01-25,Boston,18.6
2022-01-26,Miami,15.9
2022-01-27,Denver,39.3
2022-01-28,Boston,21.3
2022-01-29,New York,9.8
2022-01-30,Seattle,29.0
2022-01-31,New York,12.4
2022-02-01,Seattle,19.6
2022-02-02,Chicago,12.6
2022-02-03,Los Angeles,40.0
2022-02-04,Boston,7.3
2022-02-05,New York,12.2
2022-02-06,New York,24.6
2022-02-07,Denver,35.6
2022-02-08,Los Angeles,11.3
2022-02-09,New York,10.2
2022-02-10,Houston,29.0
2022-02-11,Miami,29.4
2022-02-12,Houston,22.3
2022-02-13,New York,1.1
2022-02-14,Los Angeles,11.1
2022-02-15,Denver,3.6
2022-02-16,New York,21.0
2022-02-17,Los Angeles,15.4
2022-02-18,Denver,29.2
2022-02-19,Miami,14.2
2022-02-20,Miami,26.4
2022-02-21,Los Angeles,19.1
2022-02-22,Seattle,22.8
2022-02-23,Seattle,7.3
2022-02-24,Miami,15.2
2022-02-25,New York,20.9
2022-02-26,New York,11.9
2022-02-27,Seattle,23.8
2022-02-28,Miami,8.3
2022-03-01,Houston,21.8
2022-03-02,Houston,18.9
2022-03-03,Seattle,16.3
2022-03-04,Houston,4.3
2022-03-05,Los Angeles,21.1
2022-03-06,Los Angeles,11.6
2022-03-07,New York,15.8
2022-03-08,Miami,23.6
2022-03-09,Houston,26.0
2022-03-10,Miami,16.6
2022-03-11,Denver,9.1
2022-03-12,Seattle,2.0
2022-03-13,Houston,8.6
2022-03-14,Denver,29.0
2022-03-15,Boston,34.7
2022-03-16,Miami,20.8
2022-03-17,Boston,17.4
2022-03-18,Seattle,-0.5
2022-03-19,Miami,15.2
2022-03-20,Seattle,21.0
2022-03-21,New York,5.0
2022-03-22,New York,24.8
2022-03-23,Los Angeles,23.4
2022-03-24,Los Angeles,42.4
2022-03-25,Los Angeles,36.9
2022-03-26,Denver,24.9
2022-03-27,Seattle,21.7
2022-03-28,Los Angeles,18.0
2022-03-29,Denver,29.7
2022-03-30,New York,19.3
2022-03-31,Denver,3.2
2022-04-01,New York,17.0
2022-04-02,New York,17.1
2022-04-03,Chicago,22.1
2022-04-04,Denver,21.9
2022-04-05,Seattle,10.5
2022-04-06,Los Angeles,7.4
2022-04-07,Boston,30.6
2022-04-08,Houston,24.1
2022-04-09,Los Angeles,31.9
2022-04-10,Miami,19.0
2022-04-11,Boston,18.8
2022-04-12,Miami,14.0
2022-04-13,Los Angeles,37.2
2022-04-14,Houston,25.0
2022-04-15,Houston,14.2
2022-04-16,Los Angeles,14.5
2022-04-17,Chicago,27.4
2022-04-18,Seattle,14.6
2022-04-19,Miami,7.8
2022-04-20,Houston,35.5
2022-04-21,New York,24.5
2022-04-22,Chicago,40.5
2022-04-23,Los Angeles,15.5
2022-04-24,Denver,27.9
2022-04-25,Houston,25.8
2022-04-26,Seattle,27.6
2022-04-27,Denver,27.5
2022-04-28,New York,11.3
2022-04-29,Los Angeles,21.8
2022-04-30,Chicago,3.9
2022-05-01,Seattle,26.3
2022-05-02,Los Angeles,20.2
2022-05-03,Boston,18.3
2022-05-04,Denver,44.6
2022-05-05,Miami,20.0
2022-05-06,Denver,-6.4
2022-05-07,Boston,30.8
2022-05-08,New York,18.9
2022-05-09,Miami,13.7
2022-05-10,Miami,28.1
2022-05-11,Los Angeles,35.1
2022-05-12,Denver,35.9
2022-05-13,Houston,39.0
2022-05-14,Los Angeles,19.3
2022-05-15,Houston,25.5
2022-05-16,Boston,13.6
2022-05-17,Denver,24.5
2022-05-18,Miami,11.2
2022-05-19,Miami,37.0
2022-05-20,Denver,26.0
2022-05-21,Chicago,21.8
2022-05-22,Chicago,22.3
2022-05-23,Seattle,15.8
2022-05-24,Los Angeles,2.1
2022-05-25,Seattle,20.4
2022-05-26,Boston,24.9
2022-05-27,Miami,16.4
2022-05-28,Boston,31.1
2022-05-29,Los Angeles,8.1
2022-05-30,Boston,29.2
2022-05-31,Boston,19.5
2022-06-01,Boston,16.4
2022-06-02,Boston,21.4
2022-06-03,Chicago,13.2
2022-06-04,Seattle,20.7
2022-06-05,Miami,22.2
2022-06-06,Chicago,28.0
2022-06-07,Seattle,15.7
2022-06-08,Boston,14.9
2022-06-09,New York,8.8
2022-06-10,Miami,26.8
2022-06-11,Houston,19.6
2022-06-12,Seattle,15.0
2022-06-13,Chicago,17.5
2022-06-14,New York,38.2
2022-06-15,Houston,6.1
2022-06-16,Seattle,28.4
2022-06-17,Miami,20.9
2022-06-18,Boston,30.9
2022-06-19,Los Angeles,5.1
2022-06-20,Los Angeles,39.0
2022-06-21,Los Angeles,41.3
2022-06-22,New York,-3.3
2022-06-23,Chicago,14.7
2022-06-24,Los Angeles,26.5
2022-06-25,New York,33.0
2022-06-26,Chicago,19.8
2022-06-27,Seattle,30.2
2022-06-28,Chicago,15.3
2022-06-29,New York,0.0
2022-06-30,New York,31.1
2022-07-01,Los Angeles,21.9
2022-07-02,Miami,16.8
2022-07-03,Houston,7.3
2022-07-04,Seattle,15.1
2022-07-05,Seattle,6.6
2022-07-06,Los Angeles,0.5
2022-07-07,New York,29.1
2022-07-08,Los Angeles,3.1
2022-07-09,Houston,17.0
2022-07-10,Boston,25.6
2022-07-11,Los Angeles,4.8
2022-07-12,Los Angeles,17.2
2022-07-13,Los Angeles,17.6
2022-07-14,Boston,11.1
2022-07-15,Los Angeles,16.6
2022-07-16,Miami,31.4
2022-07-17,Houston,27.2
2022-07-18,Chicago,22.5
2022-07-19,Boston,7.2
2022-07-20,Houston,8.9
2022-07-21,Denver,32.5
2022-07-22,New York,10.8
2022-07-23,Seattle,26.0
2022-07-24,Denver,9.2
2022-07-25,Seattle,21.3
2022-07-26,Houston,25.5
2022-07-27,Los Angeles,16.7
2022-07-28,Seattle,23.3
2022-07-29,Seattle,11.9
2022-07-30,Miami,8.4
2022-07-31,New York,19.4
2022-08-01,Seattle,11.2
2022-08-02,Seattle,28.1
2022-08-03,Chicago,23.3
2022-08-04,Miami,29.7
2022-08-05,Boston,23.8
2022-08-06,Houston,12.9
2022-08-07,Chicago,16.6
2022-08-08,Denver,29.0
2022-08-09,Chicago,18.5
2022-08-10,New York,17.0
2022-08-11,Boston,25.8
2022-08-12,New York,17.9
2022-08-13,Los Angeles,1.9
2022-08-14,Denver,40.2
2022-08-15,Boston,14.7
2022-08-16,Denver,10.2
2022-08-17,Denver,19.1
2022-08-18,New York,1.0
2022-08-19,Miami,18.7
2022-08-20,Chicago,13.7
2022-08-21,Chicago,13.9
2022-08-22,Boston,32.0
2022-08-23,Denver,15.8
2022-08-24,Los Angeles,50.9
2022-08-25,Seattle,22.3
2022-08-26,Chicago,34.8
2022-08-27,Los Angeles,3.1
2022-08-28,New York,28.9
2022-08-29,New York,7.3
2022-08-30,Boston,4.9
2022-08-31,Miami,30.7
2022-09-01,Los Angeles,24.6
2022-09-02,Denver,30.1
2022-09-03,Houston,22.8
2022-09-04,New York,11.4
2022-09-05,Chicago,23.3
2022-09-06,Los Angeles,20.7
2022-09-07,Seattle,13.7
2022-09-08,New York,33.6
2022-09-09,Boston,20.6
2022-09-10,Denver,18.0
2022-09-11,Los Angeles,27.6
2022-09-12,Seattle,32.6
2022-09-13,Los Angeles,20.9
2022-09-14,Seattle,33.5
2022-09-15,Houston,3.4
2022-09-16,Seattle,10.9
2022-09-17,Houston,20.1
2022-09-18,Houston,11.4
2022-09-19,Denver,16.2
2022-09-20,New York,14.7
2022-09-21,Los Angeles,11.3
2022-09-22,New York,11.4
2022-09-23,Los Angeles,-1.2
2022-09-24,New York,26.0
2022-09-25,Los Angeles,6.2
2022-09-26,Seattle,9.9
